EmployeeId,Age,Department,DistanceFromHome,EnvironmentSatisfaction,Gender,JobSatisfaction,OverTime,MonthlyIncome,PerformanceRating,YearsAtCompany,YearsInCurrentRole,YearsSinceLastPromotion,WorkLifeBalance,JobInvolvement,IsSenior,Cluster
2,37,1,11,1,0,2,0,4777,3,1,0,0,1,1,0,0
3,51,1,4,1,1,3,1,2461,3,10,0,2,4,3,0,2
4,42,2,26,3,0,2,0,13525,3,20,4,4,4,3,1,1
7,40,2,1,2,1,4,1,7457,4,4,3,0,2,1,0,2
8,55,1,2,4,1,1,1,19859,3,5,2,1,3,3,1,1
9,36,1,18,2,0,4,0,2153,3,8,1,1,3,3,0,0
10,32,1,3,3,0,4,0,11159,3,7,7,7,3,3,0,2
11,25,2,4,3,1,1,0,4256,3,5,2,0,4,2,0,2
12,20,1,4,1,1,1,0,2973,3,1,0,0,3,3,0,0
14,42,1,23,1,0,4,0,15992,3,1,0,0,3,3,1,1
15,31,1,12,4,0,4,1,5855,3,9,7,8,1,3,0,2
16,38,1,6,2,0,4,1,5329,3,13,11,1,3,1,0,2
17,39,1,2,4,0,3,0,4553,3,20,7,11,3,2,0,2
18,54,1,5,1,1,1,0,19406,3,4,2,1,2,3,1,1
20,49,1,4,1,1,3,0,18711,3,1,0,0,4,2,1,1
21,24,1,23,2,1,4,1,2725,3,6,5,1,3,4,0,0
22,40,1,6,2,0,3,0,13237,3,20,6,5,3,3,1,1
23,41,2,10,4,1,4,0,6230,3,14,3,1,3,3,0,2
24,32,2,8,3,0,2,1,5228,3,13,12,11,3,2,0,2
25,24,1,1,2,1,4,1,2293,3,2,0,2,2,3,0,0
28,39,1,13,3,0,2,1,17123,3,19,9,15,3,2,1,1
29,59,0,6,2,1,3,0,2267,3,2,2,2,2,3,0,0
31,36,1,14,3,1,4,1,6586,3,16,8,4,2,3,0,2
32,30,1,7,3,1,3,0,3491,3,10,7,8,2,3,0,0
33,38,0,1,3,1,3,0,2844,3,7,6,5,4,4,0,0
34,28,2,1,1,1,3,0,2909,3,3,2,1,4,3,0,0
35,31,1,2,3,1,4,1,2695,3,2,2,2,1,3,0,0
36,36,2,1,4,0,4,0,6653,3,1,0,0,3,3,0,2
37,32,1,1,1,1,4,1,6162,4,9,8,7,3,3,0,2
39,28,2,4,2,1,3,0,4221,3,5,4,0,4,3,0,2
40,31,2,6,2,1,3,1,6172,3,7,7,7,2,1,0,2
41,50,2,8,4,1,2,0,3875,3,2,2,2,3,3,0,2
42,39,1,1,3,1,4,0,9613,3,18,10,3,2,4,0,2
43,35,1,16,1,1,2,0,2426,3,5,4,0,3,4,0,0
44,32,2,5,2,1,2,0,6524,3,10,8,5,3,3,0,2
45,26,1,21,1,1,3,0,2377,4,1,1,0,2,3,0,0
46,30,1,2,3,1,4,0,4152,3,11,10,10,3,2,0,2
49,38,1,23,4,1,3,0,9526,4,9,7,1,3,2,0,2
50,21,2,22,3,1,3,0,3447,3,3,2,1,3,3,0,0
51,35,1,7,3,1,3,0,10221,4,8,5,1,4,3,0,2
54,26,1,1,3,0,2,0,6397,4,6,5,1,1,3,0,0
55,31,1,2,2,1,4,1,3722,3,2,2,2,1,3,0,0
57,32,1,2,3,0,2,0,2370,3,8,0,0,3,3,0,0
58,32,2,10,4,1,4,0,5396,3,10,7,0,2,3,0,2
59,34,1,2,4,1,3,0,2768,3,7,3,5,3,2,0,0
60,33,1,5,4,0,2,0,11878,3,10,6,8,3,3,0,2
61,47,1,2,1,0,4,0,5070,3,5,0,0,3,3,0,2
63,30,1,1,4,1,3,0,3833,4,2,2,0,3,1,0,0
64,58,1,9,2,0,2,1,3346,4,1,0,0,2,2,0,0
65,37,2,1,1,1,3,0,10609,3,14,1,11,1,2,0,2
68,38,1,9,3,0,4,0,2288,3,2,2,2,3,3,0,0
69,43,2,9,1,0,3,0,5346,3,4,3,1,2,1,0,2
71,52,1,28,4,0,3,1,13247,3,5,3,0,2,4,1,1
73,44,2,1,2,0,1,1,5454,4,4,3,1,2,3,0,2
74,59,1,3,3,1,4,0,2177,3,1,0,0,3,2,0,0
77,42,1,21,3,0,3,0,5265,3,5,3,0,3,3,0,2
78,45,2,2,4,1,2,0,4805,3,8,7,3,4,3,0,2
81,21,1,18,4,0,4,0,2693,3,1,0,0,2,3,0,0
82,23,1,4,1,1,1,0,2819,3,3,2,0,4,4,0,0
84,54,2,3,4,0,1,0,5940,3,6,2,0,3,3,0,2
85,41,1,7,2,0,3,0,3376,3,10,6,0,3,4,0,2
86,45,1,20,2,1,1,1,10851,3,7,7,0,3,1,0,2
88,45,2,6,4,0,4,0,8865,3,19,7,12,3,2,0,2
93,55,2,1,1,1,4,0,10239,3,1,0,1,3,3,0,2
95,34,1,2,4,1,3,0,9547,3,10,9,1,2,2,0,2
97,57,1,1,2,1,3,0,4900,4,12,9,2,2,4,0,2
99,33,1,4,3,0,2,0,2622,4,3,2,1,3,2,0,0
100,32,1,1,4,1,4,0,2314,3,3,0,0,3,3,0,0
101,21,1,10,1,0,3,0,2625,4,2,2,2,1,2,0,0
102,34,2,6,4,0,3,0,2351,3,2,2,1,2,1,0,0
104,27,2,20,4,0,3,0,9981,3,7,7,0,3,3,0,2
106,36,1,6,3,1,3,0,2741,3,7,7,1,3,1,0,0
107,41,1,12,2,0,3,0,19545,3,22,15,15,3,3,1,1
109,33,1,6,3,1,4,0,7725,4,13,11,4,1,3,0,2
110,18,1,8,3,1,3,0,1904,3,0,0,0,3,3,0,0
111,27,1,9,4,0,2,0,2279,3,7,7,0,2,3,0,0
112,22,1,1,4,1,4,0,4775,4,2,2,2,1,2,0,0
113,33,1,14,3,1,4,1,2436,3,5,4,0,1,3,0,0
114,42,1,28,4,0,4,0,4523,3,6,5,0,4,2,0,2
115,29,1,1,2,1,4,0,2720,3,10,7,2,3,1,0,0
117,35,1,1,4,0,4,0,5363,3,9,7,0,3,2,0,2
119,37,2,9,1,1,2,0,8834,3,9,5,7,3,3,0,2
121,52,2,2,1,0,4,0,19845,3,32,14,6,3,1,1,1
122,31,2,7,2,1,4,0,6929,3,8,7,7,2,4,0,2
123,29,2,10,3,1,3,0,2642,3,1,0,0,3,3,0,0
126,32,2,11,4,1,3,0,4707,3,4,2,1,3,4,0,2
127,35,1,11,3,1,1,1,9884,3,4,0,2,3,2,0,2
128,43,1,3,3,1,4,0,19740,3,8,7,0,3,1,1,1
129,33,1,2,3,1,4,0,2500,3,3,1,0,4,3,0,0
133,37,2,10,4,0,4,1,6694,3,1,0,0,3,2,0,2
134,27,1,17,4,0,3,1,2394,3,8,2,7,3,3,0,0
135,28,1,2,1,1,2,0,3201,3,5,3,0,1,2,0,0
136,27,1,10,4,1,1,0,8793,4,9,7,1,2,3,0,2
137,37,2,16,4,1,3,0,6334,3,1,0,0,3,2,0,2
138,27,1,6,4,1,3,0,2539,3,4,2,2,3,2,0,0
139,37,2,4,1,1,4,0,2793,3,9,8,5,3,3,0,2
140,31,1,24,3,0,1,0,6812,3,10,9,1,3,2,0,2
141,48,1,1,4,1,4,0,18265,3,1,0,0,4,2,1,1
142,36,1,1,3,0,2,0,5228,3,9,7,0,3,3,0,2
143,37,1,1,4,0,4,0,6474,3,14,8,3,2,2,0,2
146,38,2,1,1,0,4,0,8686,4,8,3,0,4,2,0,2
147,32,2,13,2,1,4,0,4403,3,5,2,0,2,3,0,2
149,28,1,10,3,0,3,0,3660,3,8,7,1,4,3,0,0
150,43,1,28,2,0,3,0,4739,3,3,2,1,3,4,0,0
152,30,1,1,4,1,2,1,3579,4,11,9,5,3,3,0,0
153,33,2,17,4,1,3,0,17444,3,10,8,6,3,3,1,1
154,43,1,8,1,0,2,0,4765,4,1,0,0,4,3,0,0
155,42,1,26,1,0,1,1,13191,3,1,0,0,3,3,0,2
156,37,1,10,3,0,1,0,3452,4,5,4,0,3,3,0,0
160,24,2,24,4,1,4,0,2400,3,2,2,2,3,3,0,0
161,37,1,25,2,0,3,1,4449,3,13,11,10,3,3,0,2
162,37,2,2,4,1,3,1,9602,3,3,0,1,2,3,0,2
163,40,1,26,2,0,2,0,5605,3,20,7,2,3,3,0,2
165,55,2,2,3,1,4,0,5160,3,9,7,7,2,3,0,2
166,34,2,15,3,0,1,0,6125,3,10,8,9,4,3,0,2
167,18,2,10,4,0,3,0,1200,3,0,0,0,3,2,0,0
168,41,2,2,4,1,2,0,16015,3,22,10,0,3,3,1,1
169,44,2,1,1,0,3,0,4768,3,1,0,0,2,3,0,2
170,42,2,8,3,1,2,0,6825,3,9,7,4,3,3,0,2
171,51,1,3,4,0,2,0,13734,3,7,7,1,3,3,1,1
172,32,1,1,4,1,3,1,3730,3,3,2,1,1,2,0,0
174,31,2,7,3,1,4,0,11557,4,5,4,0,2,2,0,2
175,31,1,1,3,0,1,0,4148,3,4,3,0,3,3,0,0
176,30,1,5,2,0,2,0,2422,3,3,2,1,3,3,0,0
177,36,1,2,4,0,3,0,2543,3,2,2,2,3,3,0,0
178,28,1,15,1,1,3,0,2207,3,4,2,2,2,3,0,0
179,30,1,20,3,1,1,0,9957,3,6,2,0,2,3,0,2
180,35,2,2,4,0,4,0,2014,3,2,2,2,3,3,0,0
181,59,1,18,4,1,4,0,10512,3,9,7,5,2,3,0,2
182,39,1,25,3,1,3,0,10920,4,6,4,0,3,3,0,2
184,29,2,2,2,1,4,0,4554,3,10,7,0,2,3,0,2
185,34,0,23,2,0,1,1,9950,3,3,2,0,3,3,0,0
186,36,1,3,3,1,2,0,4485,3,8,0,7,3,3,0,2
187,30,1,5,4,0,1,0,3204,3,3,2,2,3,3,0,0
189,27,1,5,3,1,4,1,12808,3,9,8,0,3,2,0,2
190,43,1,7,3,0,1,0,9985,3,1,0,0,2,3,0,2
191,38,1,15,3,1,4,1,11510,3,11,10,2,3,2,0,2
194,31,2,20,3,1,4,0,2791,3,2,2,2,3,4,0,0
195,30,2,27,3,1,4,0,5304,4,8,7,7,2,3,0,2
196,44,2,28,4,0,4,1,13320,3,12,11,11,3,4,1,1
197,23,1,9,2,1,1,0,2500,3,4,3,0,4,3,0,0
199,21,1,10,3,0,1,0,1416,3,1,0,1,2,2,0,0
203,31,1,11,4,1,4,1,2356,3,6,4,0,3,3,0,0
204,46,2,9,1,1,4,0,10096,3,7,7,4,4,3,0,2
205,53,1,6,4,1,4,0,2450,3,2,2,2,3,3,0,0
206,49,1,1,3,0,1,0,3580,3,4,2,0,3,3,0,2
207,46,1,8,4,0,1,1,4615,4,16,13,1,3,2,0,2
208,31,1,12,3,0,4,1,3929,4,4,2,0,3,3,0,0
210,58,1,1,4,0,1,1,19701,4,9,8,1,3,3,1,1
211,34,2,23,2,1,3,0,4568,4,9,5,8,3,3,0,2
213,35,1,1,2,1,1,0,2194,3,3,2,1,2,3,0,0
214,32,1,5,1,1,2,1,3298,3,6,2,0,2,4,0,0
215,35,1,22,4,1,3,0,4230,3,5,4,4,3,1,0,0
216,19,1,25,2,0,4,1,2994,3,1,0,0,3,4,0,0
217,28,2,5,4,1,1,0,8463,3,5,4,1,3,3,0,2
218,32,2,4,4,1,4,0,10400,3,14,8,9,2,1,0,2
219,43,1,1,4,0,4,0,5562,3,5,2,2,2,3,0,2
221,37,1,25,3,0,4,0,5731,3,6,2,1,3,2,0,2
223,38,1,2,4,1,3,0,6553,3,1,0,0,3,3,0,0
224,30,0,9,3,1,4,1,6347,3,11,9,4,1,3,0,0
225,53,2,6,2,1,3,1,2306,4,7,7,4,1,3,0,2
226,42,2,1,2,1,3,0,4907,4,20,16,11,3,3,0,2
227,30,1,3,3,0,3,0,2083,4,1,0,0,3,3,0,0
229,25,2,19,3,1,2,1,2413,3,1,0,0,3,2,0,0
230,53,1,2,4,1,2,0,16598,3,9,8,8,2,4,1,1
233,29,2,10,4,1,2,0,2297,3,2,2,2,3,3,0,0
234,42,2,12,3,1,1,1,13758,3,21,9,13,2,3,1,1
235,34,1,16,3,0,4,0,2553,3,5,2,1,3,2,0,0
236,28,0,8,2,1,4,0,4936,3,5,1,0,3,2,0,0
237,43,2,16,4,0,4,1,16064,4,17,13,1,3,3,1,1
239,37,2,6,3,1,4,0,6502,3,5,4,0,4,3,0,2
240,44,0,1,1,0,3,0,5985,3,2,2,0,4,2,0,0
241,34,1,26,1,0,3,0,2029,4,5,4,0,3,2,0,0
244,28,2,9,2,1,4,0,5253,3,7,5,0,3,3,0,2
245,40,2,26,3,1,1,0,8396,3,7,7,7,2,3,0,2
246,34,2,8,3,0,1,0,6500,3,3,2,1,3,3,0,2
247,44,1,4,4,1,2,0,5933,3,5,2,2,2,3,0,2
248,25,1,2,1,1,1,0,3424,3,4,3,0,2,4,0,0
249,34,1,6,2,1,1,0,2960,3,4,2,1,3,3,0,0
250,60,1,7,1,0,1,0,19566,3,29,8,11,1,3,1,1
251,32,2,7,4,1,4,0,9204,3,4,3,0,2,3,0,2
253,36,1,7,2,1,4,0,4678,3,6,2,0,3,3,0,0
255,32,1,29,4,0,3,0,4025,3,8,7,7,3,3,0,0
256,42,0,10,3,0,1,0,16799,3,20,7,0,3,3,1,1
258,40,2,22,3,1,3,1,6380,3,6,4,1,3,2,0,2
260,25,2,5,3,1,3,1,5744,3,6,4,0,3,2,0,2
262,24,1,18,2,1,3,0,2774,3,5,3,1,3,3,0,0
263,35,1,21,4,0,4,1,4014,4,10,6,0,1,3,0,0
264,48,2,2,2,1,2,0,8120,3,2,2,2,3,4,0,2
265,50,1,1,4,1,4,0,17399,4,5,4,1,2,3,1,1
266,54,1,3,4,1,4,0,17779,3,10,9,0,3,3,1,1
267,30,2,2,3,1,2,0,2476,3,1,0,0,3,3,0,0
268,31,2,20,2,0,3,1,4559,3,2,2,2,3,1,0,2
269,39,2,3,4,0,3,1,5238,3,1,0,0,2,3,0,2
270,51,1,8,1,1,4,0,10650,3,4,2,0,3,1,0,2
271,44,1,5,3,1,3,0,3162,3,5,2,0,3,2,0,0
272,50,1,7,2,0,3,1,18740,3,27,3,13,2,2,1,1
274,32,1,1,2,1,2,0,6220,3,10,4,0,3,3,0,2
275,44,1,4,3,1,1,0,19190,3,25,9,14,2,4,1,1
277,53,2,2,1,0,4,0,15427,3,25,8,3,3,2,1,1
279,55,2,18,1,0,2,0,16835,4,10,9,7,3,3,1,1
280,38,2,10,3,0,4,1,5666,3,5,3,1,3,3,0,2
281,34,0,9,1,0,3,0,2742,3,2,2,2,3,3,0,0
282,36,1,12,4,0,4,0,8858,3,14,8,7,2,2,0,2
283,57,1,24,3,1,4,1,9439,3,5,3,1,1,4,0,2
285,36,1,4,1,1,4,0,5810,3,10,4,1,2,2,0,2
286,28,1,2,1,1,3,0,3485,3,0,0,0,1,3,0,0
287,35,1,25,1,1,4,0,3681,3,3,2,0,3,2,0,0
288,27,2,3,4,0,4,1,4647,4,6,5,0,3,4,0,2
290,37,0,6,3,1,1,1,2073,4,3,2,0,3,3,0,0
292,50,2,3,1,1,3,1,2683,3,3,2,0,3,2,0,2
293,45,1,2,1,1,4,0,16792,4,20,8,11,3,2,1,1
294,27,2,8,3,1,4,0,4342,3,4,2,1,3,3,0,2
295,41,2,2,2,0,1,0,16595,3,18,16,11,3,3,1,1
296,30,1,2,3,0,4,0,2564,3,11,7,6,2,3,0,0
297,32,2,2,3,0,1,0,2827,3,1,0,0,3,3,0,0
298,55,1,14,3,1,2,0,18722,3,24,15,2,3,4,1,1
299,32,1,7,4,1,3,0,4883,3,10,4,1,3,3,0,2
300,54,1,1,4,0,3,0,10502,3,5,4,1,1,3,0,2
301,44,1,10,3,1,3,1,2936,3,6,4,0,3,3,0,0
302,32,1,9,1,0,4,1,6322,3,6,4,0,2,3,0,2
304,33,2,8,2,0,4,0,2342,3,2,2,2,2,2,0,0
306,27,1,9,4,1,2,0,2024,3,2,2,2,1,3,0,0
307,33,1,1,3,1,1,1,2799,3,3,2,0,3,2,0,0
308,47,1,29,1,1,2,1,11849,3,10,7,9,2,3,0,2
309,19,1,10,1,0,2,1,1859,4,1,1,0,4,2,0,0
310,37,1,2,3,1,4,0,5163,3,1,0,0,4,2,0,0
311,56,1,23,4,1,2,1,13402,3,19,16,15,3,3,1,1
315,29,1,15,4,0,3,1,4193,3,9,5,0,3,2,0,2
316,38,1,25,1,0,2,0,12061,3,10,8,0,3,2,0,2
317,42,1,2,1,1,4,0,6781,4,1,0,0,3,2,0,0
320,54,1,17,3,0,3,0,10739,3,10,7,0,3,3,0,2
321,29,1,2,3,1,2,0,2703,4,5,4,0,3,3,0,0
322,26,2,1,3,1,1,0,4294,3,7,7,0,3,2,0,2
323,37,2,19,1,1,2,1,7642,3,10,0,0,3,3,0,2
325,31,1,7,4,1,4,0,5915,4,7,7,1,2,3,0,0
327,45,2,26,1,0,1,0,4286,3,1,1,0,3,3,0,2
328,43,1,14,2,1,1,0,17159,4,4,1,1,3,3,1,1
329,29,1,3,2,1,3,0,11935,3,10,2,0,3,2,0,2
330,30,2,8,3,1,3,0,7264,3,8,4,7,4,3,0,2
331,40,1,1,3,1,2,0,13503,4,22,3,11,2,2,1,1
334,56,2,6,3,0,1,0,13212,3,7,7,7,2,4,1,1
335,25,2,18,1,1,3,0,6232,3,3,2,1,2,4,0,2
336,42,0,2,4,1,1,0,6272,3,4,3,0,4,4,0,0
337,32,2,8,2,0,4,0,8998,3,9,8,3,3,3,0,2
338,32,1,24,1,1,4,0,5309,3,10,8,4,3,3,0,2
339,55,1,20,2,1,4,1,5415,3,10,7,0,3,3,0,2
343,27,1,8,1,1,3,0,4621,3,3,2,1,3,1,0,0
344,38,1,3,3,1,3,0,2821,3,2,2,2,3,3,0,0
345,37,2,21,3,0,4,0,2973,3,5,4,0,3,3,0,2
347,26,1,11,1,1,1,1,4741,3,5,3,3,3,3,0,0
349,45,1,1,3,1,4,0,19202,3,24,0,1,3,4,1,1
350,26,2,23,3,0,4,1,4157,3,2,2,0,2,2,0,0
351,41,2,9,3,1,3,1,8189,3,9,7,0,3,3,0,2
352,19,1,9,3,1,1,0,2552,4,1,1,0,3,3,0,0
353,40,2,4,3,1,4,0,10855,3,12,11,2,2,2,0,2
355,43,1,10,3,0,3,0,5257,3,9,7,0,4,2,0,2
356,35,1,3,3,1,3,0,1281,3,1,0,0,3,2,0,0
357,52,2,3,3,1,1,0,16856,3,34,6,1,4,2,1,1
358,49,1,20,3,0,1,0,6567,3,15,11,5,2,3,0,2
359,37,1,5,3,1,3,0,3500,3,6,5,1,1,4,0,0
360,43,1,21,4,1,4,0,2258,4,3,2,1,3,3,0,0
362,23,2,2,3,1,1,0,2322,3,0,0,0,3,3,0,0
363,55,1,8,4,0,3,1,14756,3,5,0,0,3,3,1,1
364,53,1,23,4,0,4,0,14275,3,12,9,3,3,3,1,1
365,34,1,1,4,1,1,0,5343,4,13,9,4,3,2,0,2
366,58,1,2,4,1,3,0,2479,4,1,0,0,3,3,0,0
367,34,1,3,1,1,4,0,7756,3,6,2,0,2,3,0,2
368,30,1,1,3,1,3,0,8474,4,11,8,5,3,2,0,2
369,32,1,6,3,1,3,0,3038,4,5,4,1,3,3,0,0
370,36,1,5,4,1,2,0,5914,3,13,11,3,4,3,0,2
373,40,2,2,2,1,2,0,4327,3,0,0,0,3,3,0,0
374,36,1,24,2,0,2,0,5674,3,9,8,0,3,3,0,2
375,21,1,15,3,1,4,0,1232,3,0,0,0,3,3,0,0
377,34,2,14,3,0,3,1,2579,3,8,2,0,3,3,0,2
379,34,1,6,1,0,3,0,4809,3,16,13,2,3,3,0,2
381,39,0,2,4,0,4,0,5204,3,5,4,0,3,2,0,0
382,45,1,8,4,1,4,0,3697,3,10,9,9,3,3,0,2
385,31,1,29,3,1,2,0,3479,3,5,4,1,4,2,0,0
386,38,2,3,2,1,4,1,6861,3,1,0,0,3,3,0,2
388,31,1,3,2,1,3,0,13675,3,2,2,2,3,3,0,2
389,26,1,6,3,0,4,1,2659,3,3,2,0,3,3,0,0
391,30,1,6,1,0,4,0,4627,3,9,2,6,3,2,0,0
393,34,1,9,4,1,4,0,8500,3,9,7,1,2,3,0,2
394,35,1,6,3,1,3,1,3506,3,3,2,2,3,3,0,0
395,27,1,2,4,0,1,0,2341,3,1,0,0,3,3,0,0
399,31,1,5,3,1,4,1,4821,3,5,2,0,3,3,0,0
400,39,1,8,3,0,3,0,3755,3,8,3,0,3,3,0,2
401,29,1,23,3,1,3,0,2700,4,10,7,0,3,4,0,0
403,29,2,27,2,0,4,0,7639,4,10,4,1,2,3,0,2
404,44,1,3,1,1,1,0,2362,3,3,2,1,4,3,0,0
405,26,1,6,3,0,2,0,2368,3,5,4,4,2,2,0,0
406,48,2,2,2,0,4,0,4051,3,9,7,6,3,3,0,2
407,38,1,3,4,0,3,1,4317,4,3,2,2,3,3,0,0
409,23,1,6,3,1,1,1,1601,4,0,0,0,3,4,0,0
411,50,1,24,4,1,3,1,13973,3,12,11,1,3,3,1,1
412,37,2,3,3,1,4,0,7428,3,5,3,1,3,3,0,2
414,31,0,8,4,0,2,0,2109,3,3,2,0,3,4,0,0
415,49,2,11,3,0,4,0,7654,3,9,8,7,4,3,0,2
416,34,1,19,3,0,2,0,4444,3,11,8,5,4,3,0,2
417,41,2,1,2,0,4,1,5993,3,6,4,0,1,3,0,2
418,34,1,8,2,0,3,0,6142,3,5,1,4,3,3,0,2
419,39,1,2,3,0,3,0,10938,4,19,6,11,3,3,0,2
420,32,1,16,2,0,1,1,3919,4,10,2,6,3,1,0,0
421,37,1,9,2,1,4,1,2326,3,4,2,1,2,3,0,0
422,30,1,22,1,0,3,1,2132,3,5,2,0,3,3,0,0
424,55,1,1,4,1,1,1,19045,3,36,10,4,3,3,1,1
425,37,1,10,4,1,4,0,4680,3,1,0,0,3,4,0,0
426,35,2,1,2,1,3,0,4717,3,11,9,6,3,3,0,2
427,46,1,1,3,1,1,1,10673,3,10,9,9,2,2,0,2
429,36,1,3,1,0,4,0,2835,4,1,0,0,3,3,0,0
430,24,1,4,1,1,4,0,3162,3,5,2,3,2,2,0,0
431,50,1,2,2,1,3,1,19237,3,8,1,7,2,3,1,1
432,32,1,1,3,0,2,0,2332,4,3,0,0,3,2,0,0
433,34,1,2,3,0,1,0,4381,3,6,5,1,3,2,0,2
434,26,1,7,3,1,1,0,3578,3,7,7,0,3,4,0,0
435,33,2,1,3,0,1,0,5376,3,5,3,1,3,4,0,2
438,38,1,10,3,1,3,0,2684,3,2,1,0,2,3,0,0
439,37,1,11,1,0,3,0,3629,3,3,2,0,3,3,0,0
440,35,1,16,4,1,3,1,7632,3,8,7,0,3,3,0,2
441,32,1,2,4,1,1,0,2176,3,6,2,0,3,2,0,0
442,38,1,2,1,0,1,1,5980,3,15,7,4,3,4,0,2
443,39,1,10,3,1,1,1,17068,3,21,9,11,3,3,1,1
444,33,1,9,1,1,4,0,2781,3,14,10,4,3,3,0,0
446,59,2,3,3,0,4,0,5171,3,6,1,0,3,2,0,2
447,36,2,1,2,1,4,1,6201,3,18,14,4,2,3,0,2
448,37,1,11,2,1,4,1,12185,3,10,8,0,3,3,0,2
450,28,1,8,4,0,4,0,3310,4,5,3,0,3,3,0,0
451,49,1,18,4,1,3,1,19502,3,31,9,0,3,2,1,1
452,34,1,1,2,1,4,1,3622,3,6,5,1,3,2,0,0
456,35,2,4,4,1,1,1,9582,4,8,7,4,3,3,0,2
457,27,2,8,4,1,3,0,8726,3,9,8,1,3,3,0,2
458,48,1,4,3,1,3,0,10999,3,15,11,4,3,2,0,2
459,41,1,9,3,1,1,0,2238,4,5,0,1,3,3,0,0
460,36,1,3,3,1,2,0,3692,3,11,10,0,2,3,0,2
461,40,1,9,4,1,4,0,4876,3,3,2,0,1,2,0,0
463,31,1,8,3,0,4,0,4424,4,11,7,1,3,3,0,0
464,20,1,10,4,1,3,1,1009,3,1,0,1,3,3,0,0
466,36,1,9,4,1,3,1,3388,3,1,0,0,2,2,0,0
468,35,2,1,3,0,3,0,8789,3,10,7,0,4,3,0,2
469,24,1,17,4,0,3,0,4377,3,4,2,3,3,2,0,0
470,23,1,1,4,1,3,0,1223,4,1,0,0,3,3,0,0
471,28,1,16,2,1,1,0,5661,3,8,3,0,3,4,0,2
472,60,2,16,1,1,1,0,5405,3,2,2,2,3,3,0,2
473,47,1,16,3,1,3,1,5067,3,19,10,2,4,4,0,2
474,41,0,10,2,1,4,0,19141,3,21,6,12,2,2,1,1
475,24,1,24,4,1,2,0,3597,4,4,3,1,3,3,0,0
476,29,1,7,1,0,4,0,2532,3,4,3,0,3,2,0,0
477,37,1,10,1,1,3,0,10048,3,1,0,0,3,3,0,0
480,55,1,18,3,1,2,1,6385,3,8,7,6,3,3,0,2
481,30,1,1,4,1,4,1,5126,3,10,8,3,2,2,0,2
484,26,2,28,1,1,2,0,6272,4,5,3,1,4,3,0,2
485,29,1,8,2,1,1,1,2119,3,7,7,0,2,1,0,0
486,25,1,3,1,1,1,0,4031,3,2,2,0,3,3,0,0
488,37,1,14,4,0,1,0,3034,3,18,7,12,2,3,0,2
489,36,0,8,1,1,1,0,2342,4,5,4,0,3,2,0,0
490,41,1,5,1,1,1,0,2107,3,1,0,0,1,2,0,0
491,36,2,3,1,0,2,1,9278,3,5,4,0,3,3,0,2
492,38,1,1,4,0,1,0,13582,3,15,12,5,3,3,0,2
494,38,1,1,3,0,1,0,2619,3,0,0,0,2,3,0,0
495,51,2,26,1,0,3,0,16307,3,20,6,4,2,3,1,1
496,37,1,6,3,1,1,1,5974,3,7,7,6,3,4,0,2
497,20,1,6,4,0,4,1,2926,3,1,0,1,3,2,0,0
498,45,1,1,4,0,4,0,2270,3,5,3,0,3,3,0,0
499,24,1,17,4,0,2,0,2210,3,1,0,0,1,3,0,0
500,52,1,6,4,1,1,1,5577,3,10,9,6,3,3,0,2
501,49,1,7,2,1,3,0,10965,4,5,2,0,3,2,0,2
505,19,2,22,4,1,3,1,1675,3,0,0,0,2,3,0,0
507,24,1,11,1,0,3,0,4011,3,4,2,1,2,4,0,0
508,22,1,6,1,1,3,0,2773,4,2,2,2,3,3,0,0
510,42,1,8,2,1,4,0,18430,3,24,7,14,2,3,1,1
511,33,1,3,4,0,3,1,2909,3,8,7,3,3,3,0,0
512,37,1,1,1,1,3,0,5993,3,7,5,0,4,2,0,2
513,39,1,1,2,1,3,1,19197,3,21,8,1,3,3,1,1
514,36,2,7,1,0,1,0,4639,3,15,7,6,2,4,0,2
515,50,1,10,4,1,4,0,10496,3,4,3,1,3,2,0,2
516,33,1,7,3,1,3,0,11691,3,13,9,3,4,3,0,2
517,43,1,9,4,1,3,1,5679,3,8,7,4,3,3,0,2
519,30,1,28,4,0,4,0,5775,3,10,8,1,3,3,0,2
521,36,2,9,3,1,1,0,3407,4,5,3,0,3,2,0,2
525,27,1,2,1,0,4,0,4227,3,3,2,2,3,3,0,0
526,42,1,2,4,1,1,0,17665,3,22,6,13,3,3,1,1
527,36,1,15,1,1,3,0,4834,3,1,0,0,2,3,0,0
528,29,1,7,3,1,4,1,6623,3,6,0,1,3,3,0,2
529,37,1,3,3,1,3,0,9434,3,10,7,7,3,3,0,2
531,40,1,2,1,1,3,0,19436,3,21,7,3,3,3,1,1
532,58,1,2,4,1,2,1,19246,3,31,15,13,3,3,1,1
534,40,1,14,3,1,3,0,19626,3,20,7,4,4,2,1,1
536,30,2,5,2,0,4,0,9419,3,10,9,7,3,3,0,2
537,33,2,16,1,0,1,0,5324,3,3,2,0,3,3,0,2
539,31,1,1,3,1,3,0,4345,3,5,4,1,3,1,0,0
540,30,1,9,3,0,3,1,4695,3,8,4,1,3,3,0,2
543,59,1,3,3,0,1,1,2670,4,1,0,0,2,4,0,0
544,49,1,28,1,1,1,0,4284,4,4,3,1,3,2,0,2
546,28,2,26,3,1,1,0,4724,3,5,3,0,3,2,0,2
547,36,1,10,4,0,3,0,7094,3,7,7,1,3,3,0,2
549,28,1,24,3,1,3,1,2028,3,4,2,0,3,2,0,0
550,26,1,3,3,1,1,0,3102,4,6,4,0,3,3,0,0
551,31,2,20,4,0,3,0,6932,3,9,8,0,2,3,0,2
552,40,2,28,3,1,1,0,10932,3,1,0,0,3,1,0,2
553,27,1,16,3,0,2,0,2811,3,2,2,2,3,3,0,0
554,50,1,1,1,0,2,1,18172,3,8,3,0,2,3,1,1
556,33,1,15,2,1,3,1,13610,3,7,6,7,4,3,0,2
557,46,1,18,1,0,3,0,10527,3,2,2,1,2,3,0,2
558,33,1,25,1,1,2,1,2313,4,2,2,2,3,2,0,0
559,37,1,7,1,1,3,0,13664,3,5,2,0,4,3,0,2
561,26,2,29,1,1,3,0,4306,3,0,0,0,3,3,0,0
563,50,2,1,4,0,4,0,19517,3,7,0,0,2,3,1,1
565,58,1,7,3,0,1,1,10008,3,10,9,5,2,2,0,2
566,31,1,1,4,1,1,0,2218,3,4,2,3,3,2,0,0
567,26,1,1,1,0,3,0,2007,3,5,3,1,3,2,0,0
568,30,1,4,3,1,4,1,2285,4,1,0,0,3,3,0,0
570,33,2,7,4,1,1,0,4373,3,4,3,0,3,3,0,2
572,59,2,1,2,1,4,1,11904,3,6,4,0,1,3,0,2
573,45,1,20,3,1,4,1,13496,3,20,7,4,3,3,1,1
576,58,1,5,3,0,2,1,10552,3,6,0,0,3,2,0,2
577,28,1,21,3,1,4,0,2713,3,5,2,0,1,3,0,0
578,30,2,10,3,1,3,0,6578,3,10,3,1,3,2,0,2
579,46,2,5,1,1,4,1,5772,4,9,6,0,3,3,0,2
580,31,2,1,4,0,2,1,2302,3,3,2,2,4,3,0,0
581,31,1,8,1,0,2,0,1261,3,1,0,0,4,2,0,0
582,22,1,19,3,1,4,0,2323,4,2,2,2,3,3,0,0
583,22,1,16,4,1,4,1,2935,3,1,0,0,2,4,0,0
584,36,1,5,2,0,1,1,3419,3,1,1,0,4,2,0,0
585,43,1,10,3,0,4,0,2455,3,8,7,1,3,3,0,0
586,35,1,25,4,0,2,1,2022,3,10,2,7,2,3,0,0
587,60,2,28,3,0,1,0,10266,3,18,13,13,4,2,0,2
588,34,2,2,3,0,1,1,4538,3,3,2,0,3,3,0,2
589,39,1,6,4,1,1,1,2404,4,2,2,2,1,3,0,0
590,38,2,10,3,1,3,1,8740,3,8,7,2,3,2,0,2
593,33,1,10,1,1,4,0,3408,3,4,3,1,3,1,0,0
594,25,2,4,2,0,4,1,4487,3,5,4,1,3,2,0,2
595,49,1,5,1,1,3,0,6651,3,3,2,1,2,3,0,2
597,45,0,24,2,1,2,0,2177,3,6,3,0,3,3,0,0
598,43,1,12,1,1,2,0,14336,3,25,10,3,3,2,1,1
599,34,1,15,2,1,1,0,17007,3,14,8,6,2,3,1,1
601,34,2,10,3,0,3,1,2220,3,1,1,0,3,3,0,0
602,23,1,10,1,1,3,0,3505,3,2,2,0,3,4,0,0
603,37,1,10,4,0,1,1,2782,3,5,3,4,2,3,0,0
604,35,2,8,1,0,4,0,2572,3,3,2,0,2,3,0,0
605,36,2,3,3,1,4,1,10325,3,16,7,3,3,2,0,2
606,23,1,26,3,1,4,0,2904,3,4,2,0,2,3,0,0
607,25,2,26,3,0,4,0,6180,4,6,5,1,2,3,0,2
609,43,1,7,4,1,4,0,2089,3,5,4,2,4,4,0,0
610,41,1,2,2,0,4,1,2778,3,7,7,1,2,1,0,0
611,25,2,10,3,1,4,0,4950,3,4,3,1,3,3,0,2
613,52,1,4,4,0,4,0,16555,3,5,2,1,1,3,1,1
614,36,2,3,1,1,4,0,9699,3,13,9,1,3,2,0,2
617,26,1,2,4,1,4,0,5472,3,8,7,1,3,4,0,0
618,56,1,9,1,0,3,0,2942,3,5,4,0,3,3,0,2
619,34,1,10,4,1,3,1,3815,3,5,3,2,4,3,0,0
620,38,2,9,2,1,2,0,2899,3,2,2,1,3,2,0,2
621,36,1,6,4,1,4,0,3210,3,15,13,10,3,3,0,2
623,26,1,1,1,1,1,0,3955,3,5,3,1,3,2,0,0
626,29,2,23,4,0,1,0,7336,3,11,8,3,1,2,0,2
627,27,1,17,3,1,2,1,3058,3,5,2,1,2,3,0,0
628,31,2,1,2,0,3,0,1359,3,1,0,0,3,1,0,0
629,43,2,15,4,1,4,0,6804,3,2,2,2,3,2,0,2
631,36,2,8,1,1,1,0,7587,3,10,7,0,3,2,0,2
632,40,1,1,2,1,2,0,2387,4,4,2,0,3,3,0,0
633,22,1,2,3,1,4,0,2523,3,2,1,2,3,3,0,0
634,26,1,3,1,1,4,0,4420,4,8,7,0,3,4,0,0
635,31,1,7,3,0,4,1,7143,3,11,9,4,2,3,0,2
637,52,2,5,2,1,2,1,8446,3,8,7,7,2,3,0,2
638,28,1,9,4,1,4,0,2070,4,5,2,0,2,3,0,0
639,37,1,4,3,1,3,1,2996,3,6,4,1,3,3,0,0
645,42,1,29,2,1,4,0,4272,3,1,0,0,3,1,0,0
646,44,1,17,4,1,3,0,2290,3,0,0,0,3,1,0,0
647,28,2,10,4,1,2,0,1052,4,1,0,0,3,3,0,0
649,31,1,11,3,1,1,1,6833,3,6,5,0,2,3,0,2
651,19,1,2,2,1,4,0,1102,4,1,0,1,2,2,0,0
652,37,1,2,4,1,3,1,2090,3,0,0,0,3,2,0,0
653,45,1,2,2,0,3,0,2274,3,1,0,0,3,2,0,0
654,50,1,9,1,1,4,0,2380,3,1,0,0,3,3,0,0
655,51,1,1,1,0,1,0,7484,4,13,12,12,2,2,0,2
656,42,1,7,2,0,2,1,2372,3,1,0,0,3,4,0,0
657,32,2,6,2,1,3,0,5010,3,11,8,5,3,3,0,2
658,32,2,9,4,1,4,0,4668,3,8,7,0,4,1,0,2
659,32,1,1,4,1,1,0,2956,3,1,0,0,3,3,0,0
661,33,2,10,4,1,3,1,8380,3,9,8,0,3,4,0,2
662,47,2,4,4,0,4,1,4163,3,9,0,0,3,3,0,2
664,20,1,11,4,0,1,1,2600,3,1,0,0,3,2,0,0
665,29,1,25,3,0,2,0,2546,3,2,2,1,4,2,0,0
666,35,2,11,4,1,4,0,4968,3,5,2,0,3,3,0,2
667,29,1,23,4,1,4,0,2201,3,3,2,1,3,3,0,0
668,24,2,3,1,0,3,0,4577,3,2,2,2,3,3,0,0
669,32,2,4,3,0,2,0,3931,3,4,3,1,3,3,0,2
670,28,1,1,3,0,4,0,6674,3,9,8,7,3,1,0,2
672,35,1,22,2,0,2,0,11996,3,7,7,6,2,4,0,2
673,34,1,8,2,0,1,0,5121,3,0,0,0,3,3,0,0
674,36,1,9,2,1,2,1,8847,3,3,2,0,3,2,0,2
675,52,1,1,3,1,3,0,19999,3,33,18,11,3,2,1,1
677,35,1,2,2,0,2,0,4425,3,6,2,1,3,3,0,0
678,44,1,10,4,1,4,1,6465,3,4,2,1,4,3,0,2
680,22,1,3,2,0,3,1,4171,3,3,2,0,4,3,0,0
681,40,1,2,4,0,4,1,2342,4,4,2,2,2,2,0,0
682,33,2,9,1,0,1,1,8224,3,5,2,0,3,3,0,2
683,50,0,3,1,1,2,0,18200,3,32,5,10,3,3,1,1
684,50,1,2,4,0,1,0,17856,4,2,2,2,3,3,1,1
685,57,1,1,4,1,3,0,6755,3,3,2,1,3,3,0,2
687,35,2,18,4,0,3,1,4614,3,4,2,3,2,3,0,2
689,30,1,17,2,0,1,1,11916,4,9,1,0,3,3,0,2
691,31,2,6,1,1,4,0,5460,4,7,7,5,4,4,0,2
692,52,2,2,1,1,3,1,19068,3,33,7,15,4,2,1,1
694,33,1,1,2,0,4,0,6949,3,5,0,1,3,2,0,2
696,33,2,22,3,1,2,0,6146,3,7,7,0,4,3,0,2
697,34,1,29,2,1,3,0,5429,3,8,7,7,3,3,0,2
699,51,1,9,4,1,4,0,2075,4,4,2,0,3,3,0,0
700,50,1,4,1,1,2,0,19144,3,10,4,1,2,3,1,1
702,46,2,4,4,0,2,0,18789,3,11,4,0,3,2,1,1
703,22,1,8,2,1,1,0,2451,3,4,3,1,2,1,0,0
704,29,2,1,2,0,4,0,7918,3,11,10,4,3,3,0,2
705,22,1,5,4,1,2,1,2328,3,4,2,2,2,4,0,0
708,46,2,2,3,0,1,0,17048,4,26,15,15,3,3,1,1
710,29,0,17,2,1,1,0,7988,3,10,9,0,2,2,0,0
712,38,1,29,4,0,4,0,2406,3,10,3,9,3,3,0,0
713,41,1,14,1,1,3,0,2451,3,9,8,1,3,3,0,0
715,40,1,9,3,1,3,0,3975,3,8,7,0,4,3,0,2
718,31,2,2,4,0,3,1,9852,3,10,8,9,2,3,0,2
720,50,2,12,3,0,4,0,9208,3,2,2,2,3,3,0,2
721,51,0,5,3,1,2,1,14026,3,33,9,0,3,3,1,1
722,31,1,7,3,0,3,0,8943,4,10,9,8,3,2,0,2
723,45,1,9,2,1,2,0,2348,3,17,9,0,1,3,0,2
724,52,1,19,4,1,4,0,4258,3,4,3,1,3,3,0,2
725,58,1,23,4,0,4,0,10312,3,40,10,15,2,3,0,2
726,30,1,3,4,0,1,1,2657,3,5,2,0,3,3,0,0
728,29,2,2,1,1,2,0,6644,3,0,0,0,3,2,0,0
729,44,1,7,1,0,4,0,10248,3,22,6,5,3,2,0,2
730,36,1,11,2,1,2,0,6499,3,6,5,0,3,2,0,2
733,31,1,9,3,1,2,1,2657,3,2,2,2,3,2,0,0
734,21,1,1,4,0,2,1,2070,3,2,2,2,4,2,0,0
735,36,2,11,2,0,4,0,9738,3,9,7,2,3,3,0,2
736,25,1,1,1,0,3,0,4898,3,4,2,1,3,3,0,0
737,46,1,7,3,0,3,0,5258,3,1,0,0,4,3,0,0
738,29,1,9,2,1,4,0,3983,3,3,2,2,3,2,0,0
739,44,1,24,4,1,3,1,3161,4,1,0,0,1,3,0,0
740,26,2,1,3,1,3,0,5296,3,8,7,7,3,3,0,2
741,55,1,2,3,1,1,0,16756,3,9,7,6,4,2,1,1
743,35,1,4,3,1,4,0,1951,3,1,0,0,3,3,0,0
745,29,1,14,3,0,4,1,7553,3,8,7,7,3,3,0,2
747,32,1,3,3,0,1,0,6725,3,8,7,6,4,3,0,2
748,41,2,20,2,0,2,1,3140,4,4,3,0,2,3,0,2
749,28,1,2,3,1,3,0,4382,3,2,2,2,2,3,0,0
750,35,1,4,3,1,3,1,4249,3,9,6,1,3,3,0,2
752,28,1,1,4,1,3,1,2154,3,4,2,0,2,3,0,0
753,45,1,7,1,1,3,0,6434,3,3,2,0,3,4,0,2
754,42,1,29,2,1,2,0,4434,3,9,8,7,2,3,0,2
755,29,2,2,4,1,3,0,4649,3,4,3,0,2,3,0,2
756,26,1,4,3,1,4,1,2875,4,8,5,2,2,3,0,0
757,59,2,25,1,0,1,0,7637,3,21,16,7,2,3,0,2
758,31,1,26,1,1,3,0,2911,3,5,2,4,2,3,0,0
760,52,1,3,4,1,3,1,7969,3,5,4,0,3,2,0,2
762,38,1,17,3,0,3,0,8823,3,19,9,1,2,2,0,2
763,30,1,2,2,1,4,0,2720,3,5,3,1,3,2,0,0
764,39,1,2,1,1,4,0,12169,3,18,7,11,3,3,1,1
767,34,1,3,3,1,4,0,2979,3,0,0,0,3,2,0,0
771,41,1,19,3,1,1,0,3072,3,1,0,0,2,3,0,0
774,26,1,24,3,1,4,1,2340,3,1,0,0,1,1,0,0
776,42,1,2,2,1,4,1,2515,3,2,1,2,3,3,0,0
777,41,0,1,4,1,3,0,19189,3,22,7,2,3,2,1,1
778,30,2,16,4,1,3,0,5301,3,2,1,2,2,3,0,2
779,30,1,9,3,1,1,0,3072,3,12,9,6,3,3,0,2
780,19,2,21,4,1,2,1,2121,3,1,0,0,4,2,0,0
782,27,1,4,2,0,3,0,2318,3,1,1,0,3,3,0,0
783,38,2,3,1,1,3,0,10609,3,16,10,5,2,3,0,2
784,36,2,8,1,1,4,0,5079,3,7,7,0,3,3,0,2
786,32,1,9,1,0,1,0,4200,4,5,4,0,4,3,0,0
787,39,2,4,4,0,3,0,5902,3,15,11,5,4,2,0,2
788,33,1,3,1,1,1,1,3348,3,10,8,9,3,3,0,2
789,46,1,18,3,0,3,0,4810,3,10,7,0,2,3,0,2
790,46,2,10,3,0,4,1,9071,3,3,2,1,3,2,0,2
791,41,1,6,4,1,1,1,4721,3,18,13,2,3,3,0,2
793,39,0,3,3,0,2,0,6389,3,8,3,3,1,4,0,0
795,34,2,19,1,1,4,1,5304,3,5,2,0,2,4,0,2
796,34,1,7,1,0,2,0,11994,3,12,6,2,3,3,0,2
798,29,2,10,4,0,2,1,8268,3,7,7,1,3,2,0,2
799,37,1,21,2,1,1,1,3564,3,8,7,1,2,4,0,2
800,35,1,8,4,1,4,0,2269,3,1,0,0,3,4,0,0
801,46,1,1,4,1,1,0,9396,3,4,2,0,3,3,0,2
802,47,2,27,2,0,3,1,6397,3,5,4,1,3,4,0,2
803,30,1,5,2,1,4,0,3761,3,5,4,0,2,2,0,0
804,29,1,28,3,0,4,0,2514,4,7,5,1,3,3,0,0
805,50,1,28,4,1,3,1,3221,3,20,8,3,3,4,0,2
806,34,2,9,2,0,3,0,5714,4,6,5,1,2,3,0,2
807,31,1,22,4,1,3,1,6179,3,10,2,6,2,3,0,2
808,48,1,6,1,1,3,0,4240,3,2,2,2,3,2,0,0
811,43,1,8,3,0,3,1,4522,3,5,2,0,3,3,0,2
812,34,2,21,4,1,4,0,5337,3,10,7,5,3,4,0,2
813,60,2,7,2,1,4,1,5220,3,11,7,1,3,4,0,2
814,52,1,8,3,0,1,0,2950,3,5,4,0,1,3,0,2
815,25,1,7,4,1,4,0,2889,3,2,2,2,3,2,0,0
816,46,2,2,2,0,1,0,18947,3,2,2,2,2,3,1,1
818,29,1,1,1,0,4,0,3760,3,3,2,1,3,3,0,0
819,41,2,4,1,1,2,0,9355,3,8,7,7,3,3,0,2
820,45,1,10,1,1,4,0,2654,4,2,2,0,2,3,0,0
821,30,2,7,4,0,1,0,4779,3,3,2,0,3,3,0,2
822,33,2,25,2,0,3,0,4539,3,10,7,0,2,3,0,2
823,33,0,2,2,1,3,0,3600,3,5,4,1,3,3,0,0
824,42,1,9,1,0,4,0,3673,3,12,9,5,3,3,0,2
825,43,2,4,4,0,4,0,10231,3,21,7,15,4,2,0,2
826,39,1,1,4,0,4,0,12742,3,21,6,11,3,2,1,1
827,39,1,1,3,0,3,0,2232,3,3,2,1,3,3,0,0
828,35,2,8,3,0,4,1,10377,3,13,2,4,2,2,0,2
830,26,1,16,1,1,2,1,2373,3,3,2,0,3,3,0,0
832,51,2,14,3,0,4,0,4936,3,7,7,0,2,3,0,2
834,40,1,2,2,0,3,0,6377,4,12,11,11,3,4,0,2
835,32,2,8,3,1,4,0,6209,3,10,7,0,4,4,0,2
836,28,1,9,3,0,3,0,2377,3,2,2,2,3,3,0,0
839,40,2,2,3,0,3,0,18041,3,20,15,1,3,3,1,1
840,45,1,7,1,1,1,0,5210,3,24,9,9,3,3,0,2
841,44,1,3,4,1,4,1,19513,3,2,2,0,4,3,1,1
842,50,1,28,4,0,1,1,16880,3,3,2,1,3,3,1,1
843,45,1,23,4,1,1,1,3633,3,9,8,0,3,3,0,2
844,35,2,18,2,1,1,0,9069,4,9,8,1,2,3,0,2
845,48,1,4,4,1,4,0,7898,3,10,9,0,3,3,0,2
846,40,1,24,1,1,4,0,3319,3,9,8,4,3,3,0,0
847,42,0,2,3,1,3,1,2696,3,3,2,1,3,3,0,0
849,21,1,3,4,1,3,0,3230,3,3,2,1,4,2,0,0
850,38,1,2,4,1,3,1,3057,3,1,0,0,1,3,0,0
851,35,1,23,3,0,1,1,4014,3,2,2,2,3,3,0,0
852,28,1,2,1,1,4,1,3464,3,3,2,2,2,1,0,0
854,53,2,2,3,1,3,0,14852,3,17,13,15,4,3,1,1
855,35,1,18,3,1,4,0,9362,3,2,2,2,3,3,0,0
856,36,1,3,4,1,2,0,2088,3,8,7,7,2,3,0,0
857,36,1,8,3,0,3,0,10096,3,17,14,12,3,3,0,2
858,59,1,2,3,0,4,1,13726,3,5,3,4,3,2,1,1
863,49,2,8,4,1,2,0,13120,3,9,8,2,3,2,1,1
864,36,1,6,2,0,4,0,3038,3,1,0,0,3,4,0,0
867,53,1,7,3,1,3,0,14814,3,5,1,1,3,4,1,1
868,53,2,8,1,1,4,0,11836,3,2,0,2,3,3,1,1
872,31,1,1,3,0,2,0,7446,3,10,8,4,3,4,0,2
874,29,1,21,2,0,1,0,9980,3,10,9,8,3,4,0,2
876,26,1,2,1,1,1,1,2042,3,3,2,1,3,3,0,0
877,20,2,2,3,0,3,0,2044,3,2,2,0,2,2,0,0
878,31,2,2,2,1,4,1,6582,3,6,5,0,4,3,0,2
879,33,0,3,4,1,2,1,2277,3,4,3,0,4,3,0,0
880,25,1,1,1,1,4,0,3229,3,3,2,0,2,3,0,0
881,34,1,9,4,0,2,0,8621,3,8,7,7,4,2,0,2
883,33,1,1,1,0,4,1,13458,3,15,14,8,3,3,0,2
884,45,1,29,2,1,4,1,9380,3,3,1,1,4,3,0,2
885,40,1,26,3,0,4,1,4422,3,1,1,0,1,2,0,0
887,22,1,11,1,0,2,0,2244,3,2,1,1,3,3,0,0
888,38,1,29,2,1,1,1,6673,3,1,0,0,3,3,0,0
890,43,1,6,2,1,4,1,16627,3,1,0,0,2,2,1,1
892,48,2,29,1,0,3,0,12504,4,0,0,0,1,3,0,2
893,18,1,5,2,1,4,0,1051,3,0,0,0,3,3,0,0
895,35,1,5,3,1,2,0,8095,3,16,6,0,3,3,0,2
896,28,1,2,4,1,4,1,3867,3,2,2,2,3,2,0,0
899,48,1,1,4,0,1,0,15402,3,3,2,0,1,2,1,1
901,40,1,4,4,0,3,0,19033,3,20,8,9,3,3,1,1
905,25,2,3,3,1,1,1,4194,3,5,3,0,3,3,0,2
906,29,1,7,2,0,3,1,3339,3,7,7,7,3,3,0,0
907,55,1,2,4,1,2,0,10976,3,3,2,1,3,3,0,2
909,31,1,9,3,1,2,0,10648,4,13,8,0,4,3,0,2
912,36,1,6,2,1,2,0,4941,4,3,2,0,3,3,0,0
914,38,2,2,2,0,1,0,6893,3,7,7,1,3,3,0,2
915,56,1,8,3,0,1,1,4257,3,2,2,2,3,3,0,2
916,59,2,1,1,0,3,0,5473,3,4,3,1,2,2,0,2
918,27,1,5,3,0,2,1,2478,3,4,3,1,2,3,0,0
919,35,2,3,4,1,4,0,7823,3,10,9,0,3,3,0,2
922,34,1,10,2,1,2,0,2008,3,1,0,1,3,3,0,0
924,42,1,17,4,0,1,1,6545,3,3,2,0,3,4,0,2
926,34,1,6,3,0,2,0,4505,3,1,0,0,3,2,0,0
927,41,2,1,2,1,1,0,8392,3,10,7,0,3,4,0,2
928,26,0,17,2,0,3,1,2741,3,7,7,1,2,3,0,0
931,31,1,15,3,1,3,0,2610,3,2,2,2,2,3,0,0
932,19,0,2,1,1,4,0,2564,3,1,0,0,4,2,0,0
933,32,1,8,3,0,3,0,5175,3,5,3,1,2,4,0,0
934,50,2,1,4,0,3,0,6347,3,18,7,0,3,3,0,2
935,36,1,18,1,1,4,0,7779,4,11,9,0,3,3,0,2
936,44,2,5,2,1,2,0,18213,3,22,9,3,3,3,1,1
937,25,2,8,4,1,2,0,4851,4,3,2,1,3,4,0,2
938,33,1,13,2,0,4,0,3452,3,3,2,0,3,3,0,0
939,27,1,14,1,1,1,1,2235,3,9,7,6,2,3,0,0
940,29,1,8,2,1,4,1,5056,3,10,7,1,2,2,0,2
941,50,1,1,3,1,3,0,3690,3,3,2,0,2,2,0,0
942,25,1,1,4,0,2,0,2096,3,2,2,2,2,3,0,0
943,35,0,8,3,1,3,0,4323,3,5,4,1,1,3,0,0
945,33,2,5,4,0,3,1,2851,3,1,0,0,3,3,0,0
947,57,2,29,1,1,4,0,14118,3,1,0,0,2,2,1,1
948,39,2,5,4,1,4,0,2086,3,1,0,0,4,3,0,0
951,20,2,9,4,0,4,1,2323,3,2,2,0,3,3,0,0
952,58,1,1,4,1,3,1,5660,3,5,3,1,3,1,0,2
955,51,1,2,4,1,2,0,5482,3,4,1,1,3,1,0,2
956,33,1,1,1,0,3,0,16184,3,6,1,0,3,4,1,1
959,38,2,2,4,1,2,0,7351,3,1,0,0,3,3,0,2
961,37,1,1,1,0,4,1,13603,3,5,2,0,3,3,0,2
962,37,1,19,2,1,2,0,3022,4,1,0,0,3,3,0,0
963,33,1,2,1,0,1,0,2707,4,9,7,1,4,3,0,0
964,39,1,18,1,1,3,0,4534,3,8,7,1,3,3,0,2
965,22,1,4,3,1,3,0,3894,3,2,2,1,3,2,0,0
968,52,1,11,4,0,3,0,3149,4,5,2,1,3,3,0,0
969,40,1,20,1,1,4,0,10322,4,11,10,11,3,3,0,2
971,35,2,18,3,0,3,0,4601,3,5,2,1,3,3,0,2
972,47,2,2,4,0,4,1,3294,3,3,2,1,2,2,0,2
973,54,0,26,4,0,4,1,17328,3,5,3,4,3,4,1,1
976,32,1,25,1,1,4,1,2795,4,1,0,0,1,3,0,0
977,29,1,1,4,1,3,0,4319,3,10,7,0,3,3,0,2
979,28,1,1,4,1,1,0,2080,3,3,2,1,2,3,0,0
981,36,1,2,3,1,3,0,2519,4,11,8,3,3,3,0,0
983,34,0,11,3,1,2,0,4490,3,10,9,1,4,2,0,0
985,39,1,7,3,1,4,0,19272,3,21,9,13,3,2,1,1
987,56,1,14,2,0,2,1,4963,3,5,4,4,3,3,0,2
988,44,1,2,1,0,4,0,2011,3,10,5,7,3,4,0,0
989,49,1,8,1,0,2,0,7403,3,26,9,1,2,3,0,2
990,42,1,19,3,1,3,1,2759,3,2,2,2,3,4,0,0
991,30,2,29,3,1,1,0,4115,3,4,3,0,3,3,0,2
993,40,1,8,4,1,2,0,13757,3,9,8,4,3,2,0,2
995,44,1,24,1,1,3,0,3708,3,5,2,1,3,1,0,0
996,52,1,25,3,0,4,0,13826,4,9,8,0,3,2,1,1
997,54,1,1,4,0,4,0,17328,3,20,7,12,2,3,1,1
998,25,1,4,4,1,4,1,3691,3,7,7,5,4,3,0,0
999,35,1,2,4,0,1,0,5093,3,1,0,0,4,3,0,0
1002,29,1,27,2,0,3,0,4335,3,8,7,1,2,3,0,0
1003,22,1,15,2,0,4,0,2871,3,0,0,0,3,3,0,0
1004,38,1,10,3,0,3,0,9824,3,1,0,0,3,3,0,0
1005,33,2,1,1,1,1,0,4037,4,9,8,0,3,4,0,2
1006,25,2,24,3,1,4,1,1118,3,1,0,1,3,1,0,0
1007,31,1,7,2,0,1,0,4306,3,13,10,3,1,3,0,2
1010,29,2,3,2,0,3,0,5561,3,6,0,1,2,3,0,2
1011,29,2,20,3,0,4,0,2157,3,3,1,0,3,3,0,0
1013,54,1,20,4,0,3,0,4869,3,4,3,0,2,3,0,2
1014,54,1,19,4,0,1,1,5485,3,5,3,1,3,3,0,2
1015,31,1,9,3,1,1,1,2321,4,3,2,1,3,2,0,0
1017,47,1,1,1,1,4,0,3420,3,6,5,1,2,3,0,0
1018,36,1,27,3,1,3,0,5237,3,7,7,7,2,3,0,2
1019,41,1,5,2,1,3,1,2127,3,4,2,0,2,4,0,0
1020,29,2,13,1,0,2,0,5765,3,5,3,0,1,3,0,2
1021,18,2,5,2,1,2,1,1878,3,0,0,0,3,3,0,0
1022,32,1,2,1,0,4,0,5055,3,7,7,0,2,4,0,0
1028,42,1,4,3,1,4,0,19232,3,22,17,11,3,3,1,1
1029,58,2,10,4,1,3,0,13872,3,37,10,1,2,3,1,1
1030,37,1,5,4,1,4,0,6347,3,6,2,0,2,3,0,2
1031,39,1,22,4,0,1,1,10880,3,21,6,2,3,3,0,2
1035,31,2,7,4,1,4,0,7547,3,7,7,1,3,3,0,2
1036,45,2,4,3,0,1,1,5006,3,5,4,0,4,3,0,2
1037,26,0,25,3,0,3,0,2942,4,8,7,5,3,3,0,0
1038,28,1,5,3,1,3,1,3441,3,2,2,2,2,3,0,0
1039,35,2,1,1,0,3,0,4859,3,5,4,0,3,3,0,2
1040,30,1,3,3,1,4,0,2097,3,5,3,1,1,3,0,0
1041,34,1,2,4,1,3,0,4033,3,3,2,0,2,3,0,0
1045,43,2,25,3,1,4,0,10798,3,1,0,0,3,2,0,2
1046,35,1,9,3,1,2,0,6540,3,1,1,0,3,2,0,0
1047,35,2,17,3,1,1,1,8966,3,7,7,1,3,3,0,2
1049,54,1,8,3,0,3,0,3780,3,1,0,0,3,3,0,0
1052,20,2,21,3,1,4,0,2678,3,2,1,2,3,4,0,0
1053,33,1,1,4,1,4,1,2686,3,10,9,7,2,3,0,0
1055,41,1,9,1,1,3,0,19419,3,18,16,0,4,3,1,1
1056,56,0,8,4,1,2,0,19717,3,7,3,7,3,3,1,1
1058,27,2,2,4,1,3,1,4478,3,5,4,0,3,3,0,2
1059,44,1,29,4,1,4,0,4541,4,20,11,13,3,3,0,2
1062,34,1,20,3,0,3,0,2585,3,1,0,0,2,4,0,0
1063,34,0,3,3,1,4,0,3737,3,3,2,0,1,3,0,0
1065,34,2,4,3,0,3,0,6538,3,3,2,1,3,3,0,2
1066,18,1,1,4,0,4,0,1611,3,0,0,0,4,3,0,0
1067,33,1,5,3,0,4,0,2911,3,2,2,0,2,2,0,0
1068,36,1,16,3,0,1,0,2743,3,17,13,15,3,4,0,2
1070,34,1,1,2,0,4,0,3280,3,4,2,1,3,4,0,0
1071,55,1,2,3,0,4,1,16659,3,5,4,1,3,3,1,1
1072,25,1,19,4,1,4,0,3669,3,3,2,1,2,3,0,0
1073,30,2,22,3,0,1,0,8412,3,9,8,7,3,3,0,2
1074,28,1,17,3,1,1,0,4558,3,10,0,1,3,3,0,2
1075,42,2,5,4,1,3,0,18303,3,1,0,0,4,3,1,1
1076,48,1,1,1,1,3,1,5381,3,1,0,0,3,2,0,0
1078,41,1,12,2,1,4,1,4766,3,1,0,0,3,3,0,0
1079,28,2,5,1,1,4,0,4908,3,4,2,0,3,3,0,2
1082,35,1,10,2,1,4,0,3917,4,3,2,1,2,3,0,0
1083,37,1,1,4,0,4,0,2115,3,17,12,5,3,3,0,0
1085,40,1,2,2,0,3,0,3448,4,1,0,0,3,2,0,0
1086,41,1,7,2,0,3,0,19973,4,21,16,5,3,1,1,1
1087,24,2,10,4,0,3,1,4260,3,5,2,0,4,3,0,2
1088,30,1,1,3,0,4,0,4011,4,12,8,3,3,3,0,0
1090,36,2,2,2,1,3,0,7596,3,10,9,9,3,2,0,2
1091,53,1,7,4,0,3,0,18606,3,7,7,4,3,3,1,1
1092,26,1,2,1,1,4,0,3904,3,4,3,1,3,2,0,0
1094,27,1,2,1,1,2,0,3468,3,2,2,2,3,3,0,0
1095,53,2,7,1,0,4,1,10934,3,5,2,0,3,2,0,2
1096,52,1,7,2,1,2,0,10445,3,8,6,4,3,3,0,2
1098,29,2,20,4,1,4,0,6931,3,3,2,0,3,3,0,2
1099,42,1,1,2,0,1,0,2576,3,5,2,1,3,3,0,0
1101,30,2,7,4,1,2,0,2983,3,3,2,1,3,3,0,2
1102,35,2,16,3,1,2,0,8020,3,11,9,6,2,3,0,2
1106,35,1,23,2,1,3,1,5916,3,1,0,0,3,2,0,0
1107,49,1,18,4,1,4,1,6804,3,7,7,1,3,3,0,2
1108,26,2,8,4,1,1,0,5326,3,4,3,1,2,2,0,2
1110,32,1,2,4,1,4,0,3068,3,7,7,3,2,3,0,0
1111,30,1,23,1,1,3,0,2613,4,10,7,0,2,1,0,0
1112,53,1,3,3,1,3,1,17584,3,5,3,1,2,3,1,1
1113,31,1,23,2,1,4,0,5582,4,9,0,7,3,2,0,0
1114,27,1,1,3,1,1,0,4298,3,2,2,2,3,2,0,0
1115,46,2,9,3,1,4,0,9619,3,9,8,4,3,2,0,2
1116,46,1,2,1,1,3,0,17861,3,3,2,0,1,3,1,1
1117,18,1,3,3,1,3,0,1420,3,0,0,0,3,3,0,0
1118,26,1,5,3,0,3,1,2366,3,8,7,1,3,2,0,0
1120,25,2,9,1,1,1,0,4400,3,3,2,2,3,2,0,2
1121,48,2,7,3,1,1,0,5486,3,2,2,2,3,3,0,2
1123,44,1,8,1,1,4,1,2818,4,3,2,0,2,4,0,0
1124,31,1,8,1,0,2,0,16422,3,3,2,1,4,3,1,1
1125,33,2,5,2,1,4,0,9998,3,5,4,1,4,3,0,2
1126,30,2,25,4,0,3,1,4736,3,2,2,2,4,3,0,2
1127,37,1,1,2,0,2,0,6447,3,6,5,4,2,3,0,2
1128,29,1,15,3,1,4,0,2340,3,6,5,1,3,3,0,0
1130,24,1,7,1,0,3,1,2886,3,6,3,1,3,3,0,0
1131,51,2,21,3,1,4,1,5441,4,10,7,1,1,3,0,2
1132,45,1,7,1,0,3,1,4477,3,3,2,0,2,3,0,0
1135,44,1,15,1,0,4,0,7978,3,10,7,0,3,3,0,2
1136,40,1,2,3,0,2,0,4244,4,8,7,3,3,4,0,2
1137,34,1,1,2,1,4,0,2691,3,10,9,8,2,3,0,0
1138,56,1,1,1,0,1,0,2066,4,3,2,1,4,3,0,0
1140,33,1,2,3,1,4,0,2496,3,1,1,0,3,3,0,0
1141,55,1,8,4,1,2,1,13577,3,33,9,15,3,2,1,1
1142,46,2,3,1,1,3,0,17465,3,12,9,4,3,3,1,1
1143,27,2,1,3,1,2,1,6349,3,5,4,1,3,3,0,2
1144,45,1,25,2,0,2,0,18061,4,0,0,0,3,3,1,1
1145,55,1,1,2,1,4,0,14732,3,7,7,0,4,4,1,1
1146,27,2,11,3,0,4,0,2534,3,1,0,0,3,4,0,0
1148,28,2,2,2,0,2,1,4779,4,8,7,7,3,3,0,2
1149,42,2,14,3,0,3,0,6244,3,5,4,0,3,2,0,2
1151,29,1,1,3,1,3,0,2058,3,6,2,1,2,3,0,0
1153,29,1,15,2,0,4,1,2168,3,5,4,1,2,1,0,0
1154,47,2,14,4,1,1,0,4960,3,7,7,1,3,3,0,2
1155,32,1,13,3,0,2,0,2743,4,2,2,2,3,2,0,0
1156,24,2,1,1,0,2,1,3202,3,5,3,1,3,3,0,2
1157,34,1,2,3,0,4,0,6687,3,14,11,4,4,3,0,2
1158,37,1,1,2,0,4,0,7491,3,6,5,1,4,3,0,2
1159,32,2,26,3,1,4,0,4465,3,3,2,2,3,3,0,2
1160,27,2,8,2,0,2,0,6214,3,8,7,0,3,3,0,2
1162,42,1,2,4,0,1,1,2593,3,9,6,7,3,2,0,2
1164,38,2,7,4,0,4,0,4028,4,7,7,0,3,2,0,2
1166,49,1,1,3,0,3,1,13964,3,7,1,0,3,2,1,1
1168,34,2,1,2,1,4,0,9725,3,15,1,0,2,4,0,2
1170,40,2,5,4,1,1,1,10475,4,18,13,1,3,2,0,2
1171,38,1,2,4,1,4,1,1702,4,1,0,0,3,3,0,0
1172,27,1,3,4,1,4,0,1706,3,0,0,0,2,3,0,0
1174,38,2,2,4,1,4,0,5249,3,8,7,7,3,2,0,2
1175,47,1,5,4,1,3,0,18300,3,3,2,1,3,3,1,1
1176,38,1,29,4,1,4,0,6261,3,7,7,1,1,3,0,2
1177,30,1,18,1,0,3,0,2632,3,5,4,0,2,3,0,0
1178,28,1,6,3,1,3,1,2703,3,3,1,0,3,2,0,0
1179,27,1,6,1,0,3,0,2187,3,5,3,0,2,2,0,0
1180,46,0,1,4,0,1,0,3423,3,7,6,5,4,3,0,0
1181,40,2,24,2,0,2,1,13194,3,1,0,0,2,4,1,1
1182,55,1,2,4,0,3,0,19187,3,19,9,9,3,1,1,1
1183,26,1,23,1,0,4,0,2886,4,3,2,0,1,3,0,0
1184,35,1,4,4,1,4,0,2376,3,2,2,2,4,2,0,0
1185,42,1,2,3,0,4,0,4089,3,10,2,2,3,3,0,2
1186,40,2,10,2,0,2,0,6852,3,5,1,1,4,2,0,2
1187,19,1,3,2,0,2,0,1483,3,1,0,0,3,3,0,0
1189,39,1,2,1,0,1,1,3646,4,1,0,0,4,2,0,0
1191,49,1,7,3,1,2,0,10466,3,8,7,0,3,3,0,2
1192,20,1,1,4,0,2,0,2836,3,1,0,0,4,2,0,0
1193,32,2,7,4,1,3,0,5484,3,13,8,4,2,2,0,2
1194,36,2,10,2,1,4,0,9980,3,10,3,9,2,3,0,2
1195,43,2,26,3,1,4,1,16959,3,25,12,4,4,3,1,1
1196,26,1,1,1,0,4,0,4364,3,2,2,2,3,1,0,0
1197,27,2,2,3,1,1,0,3041,3,4,3,0,3,3,0,2
1198,42,1,5,2,1,3,0,2093,3,2,2,2,3,3,0,0
1199,34,2,3,4,1,1,0,4759,3,13,9,3,3,1,0,2
1200,55,2,13,1,1,3,1,13695,3,19,7,3,2,4,1,1
1201,42,1,3,3,0,4,1,5231,3,5,3,1,2,4,0,2
1203,33,2,7,4,0,2,0,4302,3,3,2,0,3,3,0,2
1204,30,1,24,4,1,3,0,2693,4,1,0,0,3,3,0,0
1205,35,1,1,4,1,3,0,2258,3,8,0,1,3,2,0,0
1206,42,2,4,2,1,1,0,5155,3,6,4,1,4,3,0,2
1207,40,1,9,4,1,2,1,3617,3,1,1,0,3,3,0,0
1208,34,2,2,4,1,4,0,6274,4,6,5,1,3,3,0,2
1209,50,1,29,2,1,3,0,17046,3,27,10,15,3,2,1,1
1210,45,1,29,3,1,4,0,3452,3,6,5,0,2,3,0,0
1211,21,2,12,3,0,2,0,2716,3,1,0,0,3,4,0,0
1212,37,1,1,3,0,1,0,3920,3,3,1,0,2,2,0,0
1213,33,2,10,2,1,4,0,4682,3,7,7,0,2,2,0,2
1216,47,1,2,3,0,4,1,16752,3,26,14,3,2,3,1,1
1217,30,2,12,2,1,1,0,2033,3,1,0,0,4,2,0,0
1218,27,1,1,3,0,1,0,7412,3,9,7,0,3,3,0,2
1220,50,1,2,1,1,1,0,17924,3,31,6,14,3,3,1,1
1221,29,1,1,2,0,1,1,2319,3,1,0,0,3,2,0,0
1222,36,2,16,3,0,1,0,5647,3,3,2,0,2,2,0,2
1223,45,1,7,2,1,1,0,9724,3,1,0,0,3,3,0,2
1224,50,2,8,2,1,3,1,6796,3,4,3,1,3,3,0,2
1227,33,1,1,3,0,2,1,5488,3,6,5,1,3,4,0,2
1228,46,1,2,4,1,4,0,7379,3,6,3,1,2,3,0,2
1231,54,0,19,3,1,2,0,10725,3,9,7,7,4,3,0,2
1232,47,2,2,3,0,4,1,4537,4,7,6,7,3,3,0,2
1233,33,2,8,3,1,3,0,7104,3,5,0,1,3,3,0,2
1234,35,1,9,4,0,3,1,10685,4,17,14,5,3,2,0,2
1235,39,1,9,3,1,2,0,6782,3,5,4,0,2,3,0,2
1236,38,1,23,4,1,4,0,5745,3,2,2,1,3,3,0,0
1238,54,2,2,3,0,3,0,10686,3,9,4,7,3,2,0,2
1239,37,1,10,3,1,2,1,4197,3,1,0,0,2,3,0,0
1240,20,1,3,1,1,3,0,3033,3,2,2,1,2,2,0,0
1241,40,1,16,1,1,3,0,5094,3,1,0,0,3,2,0,0
1242,51,2,9,4,1,2,1,19847,4,29,10,11,2,3,1,1
1243,34,1,7,1,1,3,1,6074,4,9,7,0,3,1,0,2
1244,34,1,1,4,0,2,0,3294,3,5,4,0,2,2,0,0
1245,42,1,24,4,1,1,1,7406,4,10,9,5,2,3,0,2
1249,30,1,7,3,1,3,0,1274,3,1,0,0,2,3,0,0
1251,50,1,11,3,0,2,0,19926,3,5,4,4,3,3,1,1
1253,31,1,1,3,1,2,0,2501,3,1,1,1,3,3,0,0
1255,41,1,22,4,0,4,1,5467,3,6,2,3,2,3,0,2
1257,41,1,10,4,1,1,0,17181,3,7,6,7,2,2,1,1
1258,52,1,1,4,1,4,0,17099,3,9,8,7,2,3,1,1
1259,40,1,2,3,1,4,0,4661,3,9,8,8,3,3,0,2
1260,49,1,10,3,0,1,1,18665,3,3,2,1,3,3,1,1
1261,27,2,10,4,0,4,1,5769,3,6,2,4,3,2,0,2
1262,38,1,2,4,1,4,1,3944,3,3,2,1,3,3,0,0
1263,51,2,2,2,1,2,0,10596,3,4,2,3,3,3,0,2
1264,40,1,2,3,1,3,0,2345,3,3,1,1,4,3,0,0
1265,29,1,6,2,0,4,0,3131,3,10,8,0,3,3,0,0
1266,40,2,10,1,1,2,0,9705,3,1,0,0,2,2,0,2
1269,30,1,2,3,0,4,0,6091,4,5,4,0,3,1,0,0
1271,29,1,19,4,1,4,0,4262,3,3,2,1,4,3,0,0
1272,35,2,1,3,1,2,0,7295,3,10,8,0,3,3,0,2
1273,45,2,11,4,0,4,0,17650,3,9,3,1,4,3,1,1
1275,43,1,27,3,0,1,0,10820,3,8,7,0,3,3,0,2
1277,47,1,2,1,0,3,0,17169,3,20,17,5,4,3,1,1
1278,51,1,11,4,0,2,0,13142,3,5,2,0,2,2,1,1
1279,46,1,7,4,1,3,0,10845,3,8,7,0,3,3,0,2
1280,44,0,1,2,1,1,0,10482,3,20,6,3,3,2,0,2
1281,29,1,1,4,0,4,0,16124,3,7,7,1,2,2,1,1
1282,46,2,1,2,0,1,0,10453,4,24,13,15,3,3,0,2
1285,29,2,1,2,0,3,1,2800,3,3,2,0,3,2,0,0
1286,40,2,2,4,0,2,0,5715,3,5,4,1,3,3,0,2
1287,30,2,26,3,0,1,0,6696,3,6,3,0,2,2,0,2
1288,42,1,1,4,0,4,1,6062,3,4,3,0,3,2,0,2
1289,41,1,2,1,0,3,1,6811,3,8,7,0,3,2,0,2
1291,42,1,2,3,1,3,1,17861,3,20,8,2,2,3,1,1
1292,25,2,13,2,1,3,0,2096,3,7,4,0,3,3,0,0
1297,31,2,13,2,1,1,0,4233,3,3,1,1,1,3,0,2
1299,41,1,6,4,1,2,1,6032,3,5,4,1,3,2,0,2
1300,36,1,2,3,0,2,1,5410,3,16,14,5,3,3,0,2
1301,38,1,12,1,1,1,0,6288,3,4,3,1,2,2,0,2
1302,35,1,1,4,0,3,0,2506,3,2,2,2,3,4,0,0
1303,45,2,9,2,0,3,0,5593,3,15,10,4,3,2,0,2
1304,47,2,3,4,0,3,1,13770,3,22,2,11,2,3,1,1
1305,56,1,4,4,0,1,0,19943,3,5,2,4,3,3,1,1
1307,59,0,2,3,0,4,0,18844,4,3,2,2,3,2,1,1
1308,28,1,1,1,0,2,1,2216,3,7,7,3,3,1,0,0
1309,50,2,1,4,1,3,1,4728,3,0,0,0,3,3,0,2
1310,30,1,2,3,0,4,1,6877,4,0,0,0,2,2,0,0
1311,30,1,9,4,1,3,0,2206,3,10,0,1,3,2,0,0
1313,21,2,9,1,1,4,0,2610,4,3,2,2,2,3,0,0
1314,35,1,14,3,1,2,1,3743,4,4,2,0,1,2,0,0
1315,40,1,10,4,0,3,1,2213,3,7,7,1,3,4,0,0
1317,56,1,9,3,1,4,0,11103,3,10,7,1,2,3,1,1
1319,46,1,15,4,1,2,0,19081,3,4,2,0,3,3,1,1
1320,40,1,19,3,1,4,1,2741,3,7,2,3,4,3,0,0
1321,46,0,5,2,1,2,1,5021,4,4,2,0,3,3,0,0
1322,35,2,1,3,1,1,0,4312,3,15,13,2,3,2,0,2
1323,40,1,9,2,0,3,0,13499,3,18,7,2,2,3,0,2
1324,36,1,8,1,0,1,0,11713,3,8,7,0,3,4,0,2
1325,43,1,6,1,0,3,1,4081,3,20,7,1,1,2,0,2
1326,31,2,5,4,0,2,0,2789,3,2,2,2,2,3,0,0
1327,36,0,13,3,1,2,0,2143,3,5,2,0,3,3,0,0
1328,36,1,1,3,0,1,1,10252,4,7,7,7,3,1,0,2
1329,45,2,2,2,1,3,0,6632,3,8,7,3,3,1,0,2
1330,27,1,3,3,1,3,1,2566,3,1,1,0,2,2,0,0
1331,51,1,6,1,1,3,0,19537,3,20,18,15,3,3,1,1
1332,53,2,2,3,0,2,0,7525,3,15,7,6,3,2,0,2
1333,31,1,20,1,1,3,0,9824,3,1,0,0,3,3,0,0
1334,35,1,27,3,0,1,0,2559,3,6,5,1,2,2,0,0
1335,27,1,11,2,1,1,0,2099,3,5,0,1,4,3,0,0
1336,27,1,1,4,1,2,0,3816,3,5,2,0,3,3,0,0
1337,34,1,2,4,1,1,0,5957,3,11,9,5,3,2,0,2
1339,24,2,3,1,0,3,0,4999,4,3,2,0,2,3,0,0
1342,38,1,7,4,1,3,0,2610,3,4,2,0,3,4,0,0
1344,41,2,10,3,1,2,0,6151,3,19,2,11,3,1,0,2
1345,46,2,2,3,0,2,1,16872,3,7,7,7,2,1,1,1
1347,30,2,12,2,0,3,0,6577,3,5,4,4,3,3,0,2
1348,46,1,1,4,1,4,0,19627,3,2,2,2,3,3,1,1
1350,27,1,7,4,0,1,0,6811,3,7,6,0,1,2,0,2
1351,32,1,2,4,0,3,1,4998,3,8,7,0,3,3,0,2
1353,41,2,6,4,0,4,1,13591,3,1,0,0,3,3,0,2
1354,21,2,1,1,0,2,1,2174,3,3,2,1,3,2,0,0
1355,34,1,1,4,1,1,0,2996,3,4,3,1,3,3,0,0
1356,36,1,18,3,1,4,0,3688,3,1,0,0,3,4,0,0
1357,34,2,2,3,0,3,0,2231,3,4,3,1,3,3,0,0
1359,26,1,25,1,1,3,0,2293,3,1,0,0,2,1,0,0
1361,48,1,2,4,1,2,0,2559,3,1,0,0,2,4,0,0
1362,53,1,13,4,0,1,0,4450,3,4,2,1,3,4,0,2
1363,39,2,21,1,1,4,1,6120,3,5,4,1,4,2,0,2
1368,31,2,8,1,1,4,0,10793,3,13,7,9,3,3,0,2
1369,27,2,2,4,1,4,0,5071,4,6,2,0,3,1,0,2
1370,45,2,9,4,1,1,1,10761,3,5,4,0,3,3,0,2
1371,32,1,7,2,1,2,0,2794,4,5,1,0,1,4,0,0
1372,56,1,7,4,1,4,0,7260,3,6,4,0,2,1,0,2
1373,51,1,7,2,1,3,0,6132,3,1,0,0,3,2,0,0
1374,50,1,2,3,1,3,0,17639,3,4,3,0,3,3,1,1
1375,28,1,3,4,0,2,0,7655,3,9,7,1,2,3,0,2
1376,33,1,29,1,0,3,0,4508,4,13,7,3,3,2,0,2
1377,29,1,10,4,0,1,1,2404,4,0,0,0,3,2,0,0
1378,41,1,7,4,0,3,0,5003,3,2,2,2,3,3,0,0
1379,52,1,8,3,1,2,0,4941,3,8,2,7,2,2,0,2
1380,22,1,3,3,1,4,1,2853,3,0,0,0,3,2,0,0
1382,28,1,19,4,1,1,0,3196,3,6,5,3,3,2,0,0
1384,27,1,3,1,1,4,0,2045,3,4,2,1,3,2,0,0
1385,47,2,4,2,1,3,0,2976,3,0,0,0,3,3,0,0
1387,44,1,23,2,1,2,0,2042,3,3,2,1,4,3,0,0
1389,33,1,14,4,0,2,0,2756,3,8,7,1,3,3,0,0
1391,35,1,2,3,1,2,0,10274,3,7,7,6,4,2,0,2
1394,45,1,6,4,1,1,1,13245,3,0,0,0,4,3,0,2
1395,35,1,25,3,0,3,1,10388,3,16,10,10,2,3,0,2
1396,34,1,5,3,0,1,0,11631,3,11,10,5,3,2,0,2
1398,24,2,4,4,0,3,1,4162,3,5,4,0,3,3,0,2
1400,26,2,4,4,1,4,1,5828,3,8,7,7,3,2,0,2
1401,32,2,2,3,1,2,1,4078,3,3,2,1,2,3,0,2
1402,43,1,2,4,0,3,0,2645,3,5,3,1,2,4,0,0
1403,34,1,19,2,1,4,0,2661,3,2,2,1,3,3,0,0
1404,37,1,3,4,0,2,0,4107,3,4,3,0,2,3,0,0
1405,32,1,4,3,0,3,0,6162,3,14,13,6,3,2,0,2
1406,31,0,2,1,1,1,0,6410,3,2,2,1,3,2,0,0
1410,25,1,5,2,1,1,0,4000,3,6,3,1,3,4,0,0
1411,30,2,4,3,0,2,1,5209,3,11,8,2,2,2,0,2
1414,28,1,1,1,1,2,0,2596,3,1,0,0,3,2,0,0
1416,35,1,25,4,1,2,0,10903,3,13,10,4,3,2,0,2
1418,33,1,5,4,1,4,0,7119,3,3,2,1,3,2,0,0
1419,30,2,5,4,0,3,0,6118,3,10,9,1,3,2,0,2
1420,24,1,9,3,1,2,0,2694,3,1,0,0,3,2,0,0
1421,45,1,4,3,1,2,0,4447,3,9,7,0,2,3,0,2
1422,25,2,28,1,1,3,0,8639,3,2,2,2,3,2,0,2
1423,35,1,1,2,1,3,0,2859,3,6,4,0,3,2,0,0
1424,48,1,20,4,1,3,0,2259,3,0,0,0,2,3,0,0
1426,53,1,5,3,0,3,0,19094,3,14,13,4,2,3,1,1
1427,31,2,7,2,1,3,0,2329,3,7,7,5,4,2,0,2
1429,58,1,23,1,1,3,0,2372,3,2,2,2,3,3,0,0
1431,31,2,2,3,0,4,0,2785,3,1,0,0,4,2,0,0
1432,39,2,2,1,1,3,0,7880,3,8,7,0,3,4,0,2
1433,51,1,8,2,1,2,0,12490,3,10,9,4,1,2,0,2
1434,41,2,1,3,0,1,0,4103,3,9,3,1,3,3,0,2
1435,29,1,10,4,0,2,0,3291,3,7,5,1,2,3,0,0
1436,58,1,2,4,1,4,1,2380,3,1,0,0,2,2,0,0
1438,49,1,8,3,1,2,0,5130,4,10,7,1,3,2,0,2
1439,51,1,1,3,1,4,0,2723,3,1,0,0,2,3,0,0
1440,24,1,17,4,1,2,0,2127,4,1,0,0,3,2,0,0
1441,39,1,23,3,1,1,0,3904,3,5,2,0,3,3,0,2
1442,52,1,2,3,0,4,0,3212,3,2,2,2,2,2,0,0
1443,35,1,6,2,1,4,0,6646,3,17,11,11,3,1,0,2
1445,45,2,2,1,0,2,1,18824,3,24,10,1,3,1,1,1
1446,30,1,8,2,0,1,1,11416,3,8,7,1,2,4,0,2
1447,26,2,29,2,1,1,0,4969,3,2,2,2,3,1,0,2
1450,34,1,27,4,0,2,0,2311,3,3,2,1,3,3,0,0
1451,51,1,6,2,0,3,0,2838,3,7,0,7,2,2,0,2
1452,38,2,7,1,0,1,1,5605,4,8,0,7,3,4,0,2
1453,44,1,9,2,1,1,1,2559,3,8,7,7,3,3,0,2
1454,42,1,29,1,0,3,0,4556,3,5,4,0,3,3,0,2
1455,38,1,1,2,0,4,0,7625,3,9,7,1,2,4,0,2
1456,40,2,25,4,1,2,1,9094,3,5,4,1,3,2,0,2
1457,34,1,1,1,1,2,0,4325,3,5,2,1,3,3,0,0
1458,29,1,18,3,1,4,1,2389,3,4,3,0,2,2,0,0
1459,27,1,4,1,1,3,0,2517,3,5,3,0,3,3,0,0
1460,54,1,2,1,0,3,0,13549,3,4,3,0,1,3,0,2
1461,48,1,1,1,1,4,0,16885,4,5,4,2,2,4,1,1
1462,44,1,20,4,1,2,0,3420,3,5,2,1,2,3,0,0
1464,53,2,1,4,0,1,0,8381,4,14,7,8,4,3,0,2
1465,28,1,24,2,1,1,0,8722,3,10,7,1,2,2,0,2
1466,38,1,1,3,0,3,1,7861,3,1,0,0,4,3,0,0
1468,28,1,12,3,0,4,1,2515,3,1,1,0,2,3,0,0
1469,40,1,16,3,1,3,0,3544,3,4,2,0,3,3,0,0
1470,19,2,1,3,0,1,0,2325,4,0,0,0,4,1,0,0
